{"cameraMode":{"drawMode":0,"name":"Shaded","section":"Shading Mode"},"sceneLighting":true,"audioPlay":false,"sceneViewState":{"showFog":true,"showMaterialUpdate":false,"showSkybox":true,"showFlares":true,"showImageEffects":true,"showParticleSystems":true},"in2DMode":false,"pivot":{"x":13.768939018249512,"y":-74.05097961425781,"z":395.11444091796877},"rotation":{"x":-0.0946594774723053,"y":-0.015837378799915315,"z":0.001508714514784515,"w":-0.9953826069831848},"size":428.5198974609375,"orthographic":false}